{"cameraMode":{"drawMode":0,"name":"Shaded","section":"Shading Mode"},"sceneLighting":true,"audioPlay":false,"sceneViewState":{"showFog":false,"showMaterialUpdate":false,"showSkybox":true,"showFlares":false,"showImageEffects":false,"showParticleSystems":false},"in2DMode":false,"pivot":{"x":11.566364288330079,"y":46.07704162597656,"z":-30.485607147216798},"rotation":{"x":-0.2313397377729416,"y":-0.016903981566429139,"z":0.005812627263367176,"w":-0.973206102848053},"size":12.43059253692627,"orthographic":false}