{"cameraMode":{"drawMode":0,"name":"Shaded","section":"Shading Mode"},"sceneLighting":false,"audioPlay":false,"sceneViewState":{"showFog":false,"showMaterialUpdate":false,"showSkybox":false,"showFlares":false,"showImageEffects":false,"showParticleSystems":false},"in2DMode":false,"pivot":{"x":-18.299999237060548,"y":7.4853057861328129,"z":15.0},"rotation":{"x":0.4892246127128601,"y":-0.3074968755245209,"z":0.18954749405384065,"w":0.7938493490219116},"size":12.728276252746582,"orthographic":false}