{"cameraMode":{"drawMode":0,"name":"Shaded","section":"Shading Mode"},"sceneLighting":false,"audioPlay":false,"sceneViewState":{"showFog":false,"showMaterialUpdate":false,"showSkybox":false,"showFlares":false,"showImageEffects":false,"showParticleSystems":false},"in2DMode":false,"pivot":{"x":0.011189460754394532,"y":-1.1959843635559083,"z":0.0},"rotation":{"x":0.11313958466053009,"y":-0.022025736048817636,"z":0.0025468054227530958,"w":0.9933419227600098},"size":7.6392364501953129,"orthographic":false}