{"cameraMode":{"drawMode":0,"name":"Shaded","section":"Shading Mode"},"sceneLighting":true,"audioPlay":false,"sceneViewState":{"showFog":false,"showMaterialUpdate":false,"showSkybox":true,"showFlares":false,"showImageEffects":false,"showParticleSystems":false},"in2DMode":false,"pivot":{"x":-20.43189811706543,"y":1.9054509401321412,"z":223.185546875},"rotation":{"x":-0.006908732000738382,"y":0.020327776670455934,"z":-0.00014463558909483254,"w":-0.9997936487197876},"size":140.66806030273438,"orthographic":false}