{"cameraMode":{"drawMode":0,"name":"Shaded","section":"Shading Mode"},"sceneLighting":false,"audioPlay":false,"sceneViewState":{"showFog":false,"showMaterialUpdate":false,"showSkybox":false,"showFlares":false,"showImageEffects":false,"showParticleSystems":false},"in2DMode":false,"pivot":{"x":-0.49976587295532229,"y":0.499999463558197,"z":0.49976491928100588},"rotation":{"x":-0.048948414623737338,"y":0.02132578007876873,"z":0.0012210034765303136,"w":-0.9990494251251221},"size":7.813920021057129,"orthographic":false}