{"cameraMode":{"drawMode":0,"name":"Shaded","section":"Shading Mode"},"sceneLighting":true,"audioPlay":false,"sceneViewState":{"showFog":false,"showMaterialUpdate":false,"showSkybox":true,"showFlares":false,"showImageEffects":false,"showParticleSystems":false},"in2DMode":false,"pivot":{"x":-192.21665954589845,"y":2.150132894515991,"z":87.96151733398438},"rotation":{"x":0.08606716245412827,"y":-0.35884135961532595,"z":0.03328561410307884,"w":0.9288349747657776},"size":180.00746154785157,"orthographic":false}