{"cameraMode":{"drawMode":0,"name":"Shaded","section":"Shading Mode"},"sceneLighting":false,"audioPlay":false,"sceneViewState":{"showFog":false,"showMaterialUpdate":false,"showSkybox":false,"showFlares":false,"showImageEffects":false,"showParticleSystems":false},"in2DMode":false,"pivot":{"x":-1.4999990463256837,"y":0.5000009536743164,"z":-5.000000476837158},"rotation":{"x":-0.048948414623737338,"y":0.02132578007876873,"z":0.0012210034765303136,"w":-0.9990494251251221},"size":8.234834671020508,"orthographic":false}