{"cameraMode":{"drawMode":0,"name":"Shaded","section":"Shading Mode"},"sceneLighting":true,"audioPlay":false,"sceneViewState":{"showFog":false,"showMaterialUpdate":false,"showSkybox":true,"showFlares":false,"showImageEffects":false,"showParticleSystems":false},"in2DMode":false,"pivot":{"x":-91.25460052490235,"y":9.773353576660157,"z":-12.669418334960938},"rotation":{"x":0.13835372030735017,"y":-0.4067957103252411,"z":0.06251537799835205,"w":0.9008240103721619},"size":129.47055053710938,"orthographic":false}