{"cameraMode":{"drawMode":0,"name":"Shaded","section":"Shading Mode"},"sceneLighting":false,"audioPlay":false,"sceneViewState":{"showFog":false,"showMaterialUpdate":false,"showSkybox":false,"showFlares":false,"showImageEffects":false,"showParticleSystems":false},"in2DMode":false,"pivot":{"x":10.00001335144043,"y":4.500000953674316,"z":0.0},"rotation":{"x":-0.048948414623737338,"y":0.02132578007876873,"z":0.0012210034765303136,"w":-0.9990494251251221},"size":21.738513946533204,"orthographic":false}