{"cameraMode":{"drawMode":0,"name":"Shaded","section":"Shading Mode"},"sceneLighting":false,"audioPlay":false,"sceneViewState":{"showFog":false,"showMaterialUpdate":false,"showSkybox":false,"showFlares":false,"showImageEffects":false,"showParticleSystems":false},"in2DMode":false,"pivot":{"x":1.5000009536743165,"y":0.5000009536743164,"z":-4.999999523162842},"rotation":{"x":-0.048948414623737338,"y":0.02132578007876873,"z":0.0012210034765303136,"w":-0.9990494251251221},"size":8.23483657836914,"orthographic":false}