{"cameraMode":{"drawMode":0,"name":"Shaded","section":"Shading Mode"},"sceneLighting":true,"audioPlay":false,"sceneViewState":{"showFog":false,"showMaterialUpdate":false,"showSkybox":true,"showFlares":false,"showImageEffects":false,"showParticleSystems":false},"in2DMode":false,"pivot":{"x":1.1303529739379883,"y":23.26885986328125,"z":-32.59332275390625},"rotation":{"x":0.18514612317085267,"y":-0.29147571325302126,"z":0.05549827590584755,"w":0.9373446702957153},"size":85.90880584716797,"orthographic":false}