{"cameraMode":{"drawMode":0,"name":"Shaded","section":"Shading Mode"},"sceneLighting":false,"audioPlay":false,"sceneViewState":{"showFog":false,"showMaterialUpdate":false,"showSkybox":false,"showFlares":false,"showImageEffects":false,"showParticleSystems":false},"in2DMode":false,"pivot":{"x":-4.999942779541016,"y":0.5000008940696716,"z":10.000000953674317},"rotation":{"x":-0.048948414623737338,"y":0.02132578007876873,"z":0.0012210034765303136,"w":-0.9990494251251221},"size":14.161969184875489,"orthographic":false}