{"cameraMode":{"drawMode":0,"name":"Shaded","section":"Shading Mode"},"sceneLighting":false,"audioPlay":false,"sceneViewState":{"showFog":false,"showMaterialUpdate":false,"showSkybox":false,"showFlares":false,"showImageEffects":false,"showParticleSystems":false},"in2DMode":false,"pivot":{"x":-138.74359130859376,"y":65.51728820800781,"z":-520.090576171875},"rotation":{"x":-0.14571884274482728,"y":-0.8183243870735169,"z":0.2370898276567459,"w":-0.50291508436203},"size":30.413692474365236,"orthographic":false}