{"cameraMode":{"drawMode":0,"name":"Shaded","section":"Shading Mode"},"sceneLighting":true,"audioPlay":false,"sceneViewState":{"showFog":false,"showMaterialUpdate":false,"showSkybox":true,"showFlares":false,"showImageEffects":false,"showParticleSystems":false},"in2DMode":false,"pivot":{"x":8.573614120483399,"y":26.75758171081543,"z":-19.378881454467775},"rotation":{"x":-0.36720675230026247,"y":0.026039710268378259,"z":-0.008183884434401989,"w":-0.930255651473999},"size":6.508779048919678,"orthographic":false}