{"cameraMode":{"drawMode":0,"name":"Shaded","section":"Shading Mode"},"sceneLighting":true,"audioPlay":false,"sceneViewState":{"showFog":false,"showMaterialUpdate":false,"showSkybox":true,"showFlares":false,"showImageEffects":false,"showParticleSystems":false},"in2DMode":false,"pivot":{"x":13.681417465209961,"y":-1.6891059875488282,"z":8.15137004852295},"rotation":{"x":-0.2502877712249756,"y":0.02827766351401806,"z":-0.0053613455966115,"w":-0.9682341814041138},"size":8.072850227355957,"orthographic":false}