{"cameraMode":{"drawMode":0,"name":"Shaded","section":"Shading Mode"},"sceneLighting":true,"audioPlay":false,"sceneViewState":{"showFog":false,"showMaterialUpdate":false,"showSkybox":true,"showFlares":false,"showImageEffects":false,"showParticleSystems":false},"in2DMode":false,"pivot":{"x":-33.7932014465332,"y":4.376950263977051,"z":-6.2379302978515629},"rotation":{"x":0.047373201698064807,"y":-0.6780498027801514,"z":0.04067500680685043,"w":0.7330097556114197},"size":1.3145051002502442,"orthographic":false}