{"cameraMode":{"drawMode":0,"name":"Shaded","section":"Shading Mode"},"sceneLighting":false,"audioPlay":false,"sceneViewState":{"showFog":false,"showMaterialUpdate":false,"showSkybox":false,"showFlares":false,"showImageEffects":false,"showParticleSystems":false},"in2DMode":false,"pivot":{"x":-41.49748992919922,"y":6.278214931488037,"z":188.80599975585938},"rotation":{"x":-0.013571047224104405,"y":0.7529755234718323,"z":-0.014057532884180546,"w":-0.6582769155502319},"size":4.788942337036133,"orthographic":false}