{"cameraMode":{"drawMode":0,"name":"Shaded","section":"Shading Mode"},"sceneLighting":false,"audioPlay":false,"sceneViewState":{"showFog":false,"showMaterialUpdate":false,"showSkybox":false,"showFlares":false,"showImageEffects":false,"showParticleSystems":false},"in2DMode":false,"pivot":{"x":80.36499786376953,"y":1.4018869400024415,"z":58.10627365112305},"rotation":{"x":-0.008484198711812497,"y":-0.9723656177520752,"z":0.23125353455543519,"w":-0.04353412985801697},"size":7.5426201820373539,"orthographic":false}