{"cameraMode":{"drawMode":0,"name":"Shaded","section":"Shading Mode"},"sceneLighting":false,"audioPlay":false,"sceneViewState":{"showFog":false,"showMaterialUpdate":false,"showSkybox":false,"showFlares":false,"showImageEffects":false,"showParticleSystems":false},"in2DMode":false,"pivot":{"x":16.015336990356447,"y":2.9551682472229006,"z":9.99999713897705},"rotation":{"x":0.07042637467384339,"y":-0.026903163641691209,"z":0.0019240425899624825,"w":0.9971622228622437},"size":3.36179518699646,"orthographic":false}