{"cameraMode":{"drawMode":0,"name":"Shaded","section":"Shading Mode"},"sceneLighting":false,"audioPlay":false,"sceneViewState":{"showFog":false,"showMaterialUpdate":false,"showSkybox":false,"showFlares":false,"showImageEffects":false,"showParticleSystems":false},"in2DMode":false,"pivot":{"x":-14.098791122436524,"y":-5.277195453643799,"z":74.92764282226563},"rotation":{"x":0.022499650716781617,"y":0.9636138677597046,"z":-0.08983578532934189,"w":0.2519238293170929},"size":25.782140731811525,"orthographic":false}