{"cameraMode":{"drawMode":0,"name":"Shaded","section":"Shading Mode"},"sceneLighting":true,"audioPlay":false,"sceneViewState":{"showFog":false,"showMaterialUpdate":false,"showSkybox":true,"showFlares":false,"showImageEffects":false,"showParticleSystems":false},"in2DMode":false,"pivot":{"x":-31.2882080078125,"y":-6.192337989807129,"z":-21.32234001159668},"rotation":{"x":0.035183802247047427,"y":-0.9456067085266113,"z":0.10133595019578934,"w":0.3086319863796234},"size":40.198204040527347,"orthographic":false}