{"cameraMode":{"drawMode":0,"name":"Shaded","section":"Shading Mode"},"sceneLighting":true,"audioPlay":false,"sceneViewState":{"showFog":false,"showMaterialUpdate":false,"showSkybox":true,"showFlares":false,"showImageEffects":false,"showParticleSystems":false},"in2DMode":false,"pivot":{"x":5.519870758056641,"y":-4.1556549072265629,"z":-30.845733642578126},"rotation":{"x":-0.009687691926956177,"y":-0.9867972135543823,"z":0.1441560536623001,"w":-0.07939174026250839},"size":155.17356872558595,"orthographic":false}